user_id,experiment_name,variant,assigned_at
U00001,ai_search_v1,treatment,2026-06-01
U00002,ai_search_v1,control,2026-06-01
U00003,ai_search_v1,treatment,2026-06-01
U00004,ai_search_v1,control,2026-06-01
U00005,ai_search_v1,control,2026-06-01
U00006,ai_search_v1,control,2026-06-01
U00007,ai_search_v1,treatment,2026-06-01
U00008,ai_search_v1,control,2026-06-01
U00009,ai_search_v1,control,2026-06-01
U00010,ai_search_v1,control,2026-06-01
U00011,ai_search_v1,control,2026-06-01
U00012,ai_search_v1,treatment,2026-06-01
U00013,ai_search_v1,treatment,2026-06-01
U00014,ai_search_v1,control,2026-06-01
U00015,ai_search_v1,control,2026-06-01
U00016,ai_search_v1,control,2026-06-01
U00017,ai_search_v1,treatment,2026-06-01
U00018,ai_search_v1,control,2026-06-01
U00019,ai_search_v1,control,2026-06-01
U00020,ai_search_v1,control,2026-06-01
U00021,ai_search_v1,control,2026-06-01
U00022,ai_search_v1,treatment,2026-06-01
U00023,ai_search_v1,control,2026-06-01
U00024,ai_search_v1,control,2026-06-01
U00025,ai_search_v1,control,2026-06-01
U00026,ai_search_v1,control,2026-06-01
U00027,ai_search_v1,treatment,2026-06-01
U00028,ai_search_v1,treatment,2026-06-01
U00029,ai_search_v1,control,2026-06-01
U00030,ai_search_v1,control,2026-06-01
U00031,ai_search_v1,treatment,2026-06-01
U00032,ai_search_v1,control,2026-06-01
U00033,ai_search_v1,control,2026-06-01
U00034,ai_search_v1,control,2026-06-01
U00035,ai_search_v1,treatment,2026-06-01
U00036,ai_search_v1,control,2026-06-01
U00037,ai_search_v1,control,2026-06-01
U00038,ai_search_v1,control,2026-06-01
U00039,ai_search_v1,control,2026-06-01
U00040,ai_search_v1,treatment,2026-06-01
U00041,ai_search_v1,treatment,2026-06-01
U00042,ai_search_v1,treatment,2026-06-01
U00043,ai_search_v1,treatment,2026-06-01
U00044,ai_search_v1,treatment,2026-06-01
U00045,ai_search_v1,treatment,2026-06-01
U00046,ai_search_v1,treatment,2026-06-01
U00047,ai_search_v1,control,2026-06-01
U00048,ai_search_v1,control,2026-06-01
U00049,ai_search_v1,control,2026-06-01
U00050,ai_search_v1,control,2026-06-01
U00051,ai_search_v1,treatment,2026-06-01
U00052,ai_search_v1,treatment,2026-06-01
U00053,ai_search_v1,treatment,2026-06-01
U00054,ai_search_v1,treatment,2026-06-01
U00055,ai_search_v1,treatment,2026-06-01
U00056,ai_search_v1,control,2026-06-01
U00057,ai_search_v1,control,2026-06-01
U00058,ai_search_v1,treatment,2026-06-01
U00059,ai_search_v1,control,2026-06-01
U00060,ai_search_v1,treatment,2026-06-01
U00061,ai_search_v1,control,2026-06-01
U00062,ai_search_v1,treatment,2026-06-01
U00063,ai_search_v1,treatment,2026-06-01
U00064,ai_search_v1,control,2026-06-01
U00065,ai_search_v1,control,2026-06-01
U00066,ai_search_v1,treatment,2026-06-01
U00067,ai_search_v1,treatment,2026-06-01
U00068,ai_search_v1,treatment,2026-06-01
U00069,ai_search_v1,treatment,2026-06-01
U00070,ai_search_v1,treatment,2026-06-01
U00071,ai_search_v1,control,2026-06-01
U00072,ai_search_v1,control,2026-06-01
U00073,ai_search_v1,treatment,2026-06-01
U00074,ai_search_v1,treatment,2026-06-01
U00075,ai_search_v1,control,2026-06-01
U00076,ai_search_v1,control,2026-06-01
U00077,ai_search_v1,treatment,2026-06-01
U00078,ai_search_v1,treatment,2026-06-01
U00079,ai_search_v1,treatment,2026-06-01
U00080,ai_search_v1,treatment,2026-06-01
U00081,ai_search_v1,treatment,2026-06-01
U00082,ai_search_v1,control,2026-06-01
U00083,ai_search_v1,treatment,2026-06-01
U00084,ai_search_v1,treatment,2026-06-01
U00085,ai_search_v1,control,2026-06-01
U00086,ai_search_v1,control,2026-06-01
U00087,ai_search_v1,treatment,2026-06-01
U00088,ai_search_v1,control,2026-06-01
U00089,ai_search_v1,control,2026-06-01
U00090,ai_search_v1,treatment,2026-06-01
U00091,ai_search_v1,control,2026-06-01
U00092,ai_search_v1,control,2026-06-01
U00093,ai_search_v1,treatment,2026-06-01
U00094,ai_search_v1,treatment,2026-06-01
U00095,ai_search_v1,treatment,2026-06-01
U00096,ai_search_v1,control,2026-06-01
U00097,ai_search_v1,control,2026-06-01
U00098,ai_search_v1,treatment,2026-06-01
U00099,ai_search_v1,treatment,2026-06-01
U00100,ai_search_v1,treatment,2026-06-01
U00101,ai_search_v1,control,2026-06-01
U00102,ai_search_v1,treatment,2026-06-01
U00103,ai_search_v1,treatment,2026-06-01
U00104,ai_search_v1,treatment,2026-06-01
U00105,ai_search_v1,treatment,2026-06-01
U00106,ai_search_v1,treatment,2026-06-01
U00107,ai_search_v1,control,2026-06-01
U00108,ai_search_v1,control,2026-06-01
U00109,ai_search_v1,control,2026-06-01
U00110,ai_search_v1,control,2026-06-01
U00111,ai_search_v1,control,2026-06-01
U00112,ai_search_v1,control,2026-06-01
U00113,ai_search_v1,control,2026-06-01
U00114,ai_search_v1,control,2026-06-01
U00115,ai_search_v1,treatment,2026-06-01
U00116,ai_search_v1,control,2026-06-01
U00117,ai_search_v1,treatment,2026-06-01
U00118,ai_search_v1,treatment,2026-06-01
U00119,ai_search_v1,control,2026-06-01
U00120,ai_search_v1,control,2026-06-01
U00121,ai_search_v1,treatment,2026-06-01
U00122,ai_search_v1,treatment,2026-06-01
U00123,ai_search_v1,treatment,2026-06-01
U00124,ai_search_v1,control,2026-06-01
U00125,ai_search_v1,control,2026-06-01
U00126,ai_search_v1,treatment,2026-06-01
U00127,ai_search_v1,treatment,2026-06-01
U00128,ai_search_v1,treatment,2026-06-01
U00129,ai_search_v1,treatment,2026-06-01
U00130,ai_search_v1,treatment,2026-06-01
U00131,ai_search_v1,control,2026-06-01
U00132,ai_search_v1,treatment,2026-06-01
U00133,ai_search_v1,treatment,2026-06-01
U00134,ai_search_v1,control,2026-06-01
U00135,ai_search_v1,control,2026-06-01
U00136,ai_search_v1,control,2026-06-01
U00137,ai_search_v1,control,2026-06-01
U00138,ai_search_v1,treatment,2026-06-01
U00139,ai_search_v1,control,2026-06-01
U00140,ai_search_v1,control,2026-06-01
U00141,ai_search_v1,treatment,2026-06-01
U00142,ai_search_v1,control,2026-06-01
U00143,ai_search_v1,control,2026-06-01
U00144,ai_search_v1,control,2026-06-01
U00145,ai_search_v1,control,2026-06-01
U00146,ai_search_v1,control,2026-06-01
U00147,ai_search_v1,treatment,2026-06-01
U00148,ai_search_v1,control,2026-06-01
U00149,ai_search_v1,control,2026-06-01
U00150,ai_search_v1,control,2026-06-01
U00151,ai_search_v1,treatment,2026-06-01
U00152,ai_search_v1,control,2026-06-01
U00153,ai_search_v1,treatment,2026-06-01
U00154,ai_search_v1,treatment,2026-06-01
U00155,ai_search_v1,treatment,2026-06-01
U00156,ai_search_v1,treatment,2026-06-01
U00157,ai_search_v1,control,2026-06-01
U00158,ai_search_v1,control,2026-06-01
U00159,ai_search_v1,treatment,2026-06-01
U00160,ai_search_v1,treatment,2026-06-01
U00161,ai_search_v1,treatment,2026-06-01
U00162,ai_search_v1,treatment,2026-06-01
U00163,ai_search_v1,treatment,2026-06-01
U00164,ai_search_v1,control,2026-06-01
U00165,ai_search_v1,control,2026-06-01
U00166,ai_search_v1,control,2026-06-01
U00167,ai_search_v1,treatment,2026-06-01
U00168,ai_search_v1,treatment,2026-06-01
U00169,ai_search_v1,treatment,2026-06-01
U00170,ai_search_v1,control,2026-06-01
U00171,ai_search_v1,control,2026-06-01
U00172,ai_search_v1,control,2026-06-01
U00173,ai_search_v1,treatment,2026-06-01
U00174,ai_search_v1,control,2026-06-01
U00175,ai_search_v1,control,2026-06-01
U00176,ai_search_v1,treatment,2026-06-01
U00177,ai_search_v1,control,2026-06-01
U00178,ai_search_v1,treatment,2026-06-01
U00179,ai_search_v1,treatment,2026-06-01
U00180,ai_search_v1,control,2026-06-01
U00181,ai_search_v1,treatment,2026-06-01
U00182,ai_search_v1,control,2026-06-01
U00183,ai_search_v1,treatment,2026-06-01
U00184,ai_search_v1,control,2026-06-01
U00185,ai_search_v1,control,2026-06-01
U00186,ai_search_v1,control,2026-06-01
U00187,ai_search_v1,treatment,2026-06-01
U00188,ai_search_v1,control,2026-06-01
U00189,ai_search_v1,control,2026-06-01
U00190,ai_search_v1,treatment,2026-06-01
U00191,ai_search_v1,treatment,2026-06-01
U00192,ai_search_v1,control,2026-06-01
U00193,ai_search_v1,control,2026-06-01
U00194,ai_search_v1,treatment,2026-06-01
U00195,ai_search_v1,treatment,2026-06-01
U00196,ai_search_v1,treatment,2026-06-01
U00197,ai_search_v1,control,2026-06-01
U00198,ai_search_v1,treatment,2026-06-01
U00199,ai_search_v1,treatment,2026-06-01
U00200,ai_search_v1,treatment,2026-06-01
U00201,ai_search_v1,treatment,2026-06-01
U00202,ai_search_v1,control,2026-06-01
U00203,ai_search_v1,control,2026-06-01
U00204,ai_search_v1,control,2026-06-01
U00205,ai_search_v1,control,2026-06-01
U00206,ai_search_v1,treatment,2026-06-01
U00207,ai_search_v1,control,2026-06-01
U00208,ai_search_v1,treatment,2026-06-01
U00209,ai_search_v1,control,2026-06-01
U00210,ai_search_v1,treatment,2026-06-01
U00211,ai_search_v1,control,2026-06-01
U00212,ai_search_v1,treatment,2026-06-01
U00213,ai_search_v1,treatment,2026-06-01
U00214,ai_search_v1,control,2026-06-01
U00215,ai_search_v1,control,2026-06-01
U00216,ai_search_v1,treatment,2026-06-01
U00217,ai_search_v1,control,2026-06-01
U00218,ai_search_v1,treatment,2026-06-01
U00219,ai_search_v1,control,2026-06-01
U00220,ai_search_v1,treatment,2026-06-01
U00221,ai_search_v1,treatment,2026-06-01
U00222,ai_search_v1,control,2026-06-01
U00223,ai_search_v1,treatment,2026-06-01
U00224,ai_search_v1,treatment,2026-06-01
U00225,ai_search_v1,treatment,2026-06-01
U00226,ai_search_v1,control,2026-06-01
U00227,ai_search_v1,control,2026-06-01
U00228,ai_search_v1,control,2026-06-01
U00229,ai_search_v1,control,2026-06-01
U00230,ai_search_v1,control,2026-06-01
U00231,ai_search_v1,control,2026-06-01
U00232,ai_search_v1,treatment,2026-06-01
U00233,ai_search_v1,control,2026-06-01
U00234,ai_search_v1,treatment,2026-06-01
U00235,ai_search_v1,treatment,2026-06-01
U00236,ai_search_v1,control,2026-06-01
U00237,ai_search_v1,control,2026-06-01
U00238,ai_search_v1,control,2026-06-01
U00239,ai_search_v1,control,2026-06-01
U00240,ai_search_v1,control,2026-06-01
U00241,ai_search_v1,control,2026-06-01
U00242,ai_search_v1,treatment,2026-06-01
U00243,ai_search_v1,control,2026-06-01
U00244,ai_search_v1,control,2026-06-01
U00245,ai_search_v1,control,2026-06-01
U00246,ai_search_v1,treatment,2026-06-01
U00247,ai_search_v1,control,2026-06-01
U00248,ai_search_v1,treatment,2026-06-01
U00249,ai_search_v1,control,2026-06-01
U00250,ai_search_v1,treatment,2026-06-01
U00251,ai_search_v1,treatment,2026-06-01
U00252,ai_search_v1,treatment,2026-06-01
U00253,ai_search_v1,control,2026-06-01
U00254,ai_search_v1,control,2026-06-01
U00255,ai_search_v1,treatment,2026-06-01
U00256,ai_search_v1,treatment,2026-06-01
U00257,ai_search_v1,treatment,2026-06-01
U00258,ai_search_v1,control,2026-06-01
U00259,ai_search_v1,control,2026-06-01
U00260,ai_search_v1,control,2026-06-01
U00261,ai_search_v1,treatment,2026-06-01
U00262,ai_search_v1,control,2026-06-01
U00263,ai_search_v1,control,2026-06-01
U00264,ai_search_v1,control,2026-06-01
U00265,ai_search_v1,control,2026-06-01
U00266,ai_search_v1,control,2026-06-01
U00267,ai_search_v1,treatment,2026-06-01
U00268,ai_search_v1,control,2026-06-01
U00269,ai_search_v1,control,2026-06-01
U00270,ai_search_v1,treatment,2026-06-01
U00271,ai_search_v1,treatment,2026-06-01
U00272,ai_search_v1,control,2026-06-01
U00273,ai_search_v1,control,2026-06-01
U00274,ai_search_v1,control,2026-06-01
U00275,ai_search_v1,control,2026-06-01
U00276,ai_search_v1,treatment,2026-06-01
U00277,ai_search_v1,control,2026-06-01
U00278,ai_search_v1,control,2026-06-01
U00279,ai_search_v1,treatment,2026-06-01
U00280,ai_search_v1,control,2026-06-01
U00281,ai_search_v1,control,2026-06-01
U00282,ai_search_v1,treatment,2026-06-01
U00283,ai_search_v1,treatment,2026-06-01
U00284,ai_search_v1,control,2026-06-01
U00285,ai_search_v1,treatment,2026-06-01
U00286,ai_search_v1,treatment,2026-06-01
U00287,ai_search_v1,treatment,2026-06-01
U00288,ai_search_v1,control,2026-06-01
U00289,ai_search_v1,treatment,2026-06-01
U00290,ai_search_v1,control,2026-06-01
U00291,ai_search_v1,treatment,2026-06-01
U00292,ai_search_v1,control,2026-06-01
U00293,ai_search_v1,treatment,2026-06-01
U00294,ai_search_v1,control,2026-06-01
U00295,ai_search_v1,treatment,2026-06-01
U00296,ai_search_v1,treatment,2026-06-01
U00297,ai_search_v1,treatment,2026-06-01
U00298,ai_search_v1,control,2026-06-01
U00299,ai_search_v1,control,2026-06-01
U00300,ai_search_v1,treatment,2026-06-01
U00301,ai_search_v1,control,2026-06-01
U00302,ai_search_v1,control,2026-06-01
U00303,ai_search_v1,treatment,2026-06-01
U00304,ai_search_v1,control,2026-06-01
U00305,ai_search_v1,control,2026-06-01
U00306,ai_search_v1,treatment,2026-06-01
U00307,ai_search_v1,control,2026-06-01
U00308,ai_search_v1,treatment,2026-06-01
U00309,ai_search_v1,control,2026-06-01
U00310,ai_search_v1,treatment,2026-06-01
U00311,ai_search_v1,control,2026-06-01
U00312,ai_search_v1,control,2026-06-01
U00313,ai_search_v1,treatment,2026-06-01
U00314,ai_search_v1,treatment,2026-06-01
U00315,ai_search_v1,control,2026-06-01
U00316,ai_search_v1,control,2026-06-01
U00317,ai_search_v1,control,2026-06-01
U00318,ai_search_v1,treatment,2026-06-01
U00319,ai_search_v1,treatment,2026-06-01
U00320,ai_search_v1,treatment,2026-06-01
U00321,ai_search_v1,treatment,2026-06-01
U00322,ai_search_v1,control,2026-06-01
U00323,ai_search_v1,treatment,2026-06-01
U00324,ai_search_v1,treatment,2026-06-01
U00325,ai_search_v1,control,2026-06-01
U00326,ai_search_v1,treatment,2026-06-01
U00327,ai_search_v1,control,2026-06-01
U00328,ai_search_v1,treatment,2026-06-01
U00329,ai_search_v1,treatment,2026-06-01
U00330,ai_search_v1,treatment,2026-06-01
U00331,ai_search_v1,control,2026-06-01
U00332,ai_search_v1,treatment,2026-06-01
U00333,ai_search_v1,treatment,2026-06-01
U00334,ai_search_v1,treatment,2026-06-01
U00335,ai_search_v1,control,2026-06-01
U00336,ai_search_v1,control,2026-06-01
U00337,ai_search_v1,control,2026-06-01
U00338,ai_search_v1,control,2026-06-01
U00339,ai_search_v1,control,2026-06-01
U00340,ai_search_v1,treatment,2026-06-01
U00341,ai_search_v1,treatment,2026-06-01
U00342,ai_search_v1,control,2026-06-01
U00343,ai_search_v1,control,2026-06-01
U00344,ai_search_v1,treatment,2026-06-01
U00345,ai_search_v1,control,2026-06-01
U00346,ai_search_v1,treatment,2026-06-01
U00347,ai_search_v1,treatment,2026-06-01
U00348,ai_search_v1,treatment,2026-06-01
U00349,ai_search_v1,control,2026-06-01
U00350,ai_search_v1,treatment,2026-06-01
U00351,ai_search_v1,treatment,2026-06-01
U00352,ai_search_v1,control,2026-06-01
U00353,ai_search_v1,treatment,2026-06-01
U00354,ai_search_v1,control,2026-06-01
U00355,ai_search_v1,control,2026-06-01
U00356,ai_search_v1,treatment,2026-06-01
U00357,ai_search_v1,control,2026-06-01
U00358,ai_search_v1,treatment,2026-06-01
U00359,ai_search_v1,control,2026-06-01
U00360,ai_search_v1,control,2026-06-01
U00361,ai_search_v1,treatment,2026-06-01
U00362,ai_search_v1,control,2026-06-01
U00363,ai_search_v1,control,2026-06-01
U00364,ai_search_v1,control,2026-06-01
U00365,ai_search_v1,treatment,2026-06-01
U00366,ai_search_v1,control,2026-06-01
U00367,ai_search_v1,treatment,2026-06-01
U00368,ai_search_v1,control,2026-06-01
U00369,ai_search_v1,treatment,2026-06-01
U00370,ai_search_v1,treatment,2026-06-01
U00371,ai_search_v1,treatment,2026-06-01
U00372,ai_search_v1,control,2026-06-01
U00373,ai_search_v1,control,2026-06-01
U00374,ai_search_v1,control,2026-06-01
U00375,ai_search_v1,control,2026-06-01
U00376,ai_search_v1,control,2026-06-01
U00377,ai_search_v1,treatment,2026-06-01
U00378,ai_search_v1,control,2026-06-01
U00379,ai_search_v1,control,2026-06-01
U00380,ai_search_v1,control,2026-06-01
U00381,ai_search_v1,treatment,2026-06-01
U00382,ai_search_v1,treatment,2026-06-01
U00383,ai_search_v1,control,2026-06-01
U00384,ai_search_v1,treatment,2026-06-01
U00385,ai_search_v1,treatment,2026-06-01
U00386,ai_search_v1,control,2026-06-01
U00387,ai_search_v1,treatment,2026-06-01
U00388,ai_search_v1,treatment,2026-06-01
U00389,ai_search_v1,control,2026-06-01
U00390,ai_search_v1,treatment,2026-06-01
U00391,ai_search_v1,control,2026-06-01
U00392,ai_search_v1,control,2026-06-01
U00393,ai_search_v1,control,2026-06-01
U00394,ai_search_v1,control,2026-06-01
U00395,ai_search_v1,treatment,2026-06-01
U00396,ai_search_v1,control,2026-06-01
U00397,ai_search_v1,treatment,2026-06-01
U00398,ai_search_v1,control,2026-06-01
U00399,ai_search_v1,treatment,2026-06-01
U00400,ai_search_v1,treatment,2026-06-01
U00401,ai_search_v1,treatment,2026-06-01
U00402,ai_search_v1,treatment,2026-06-01
U00403,ai_search_v1,control,2026-06-01
U00404,ai_search_v1,control,2026-06-01
U00405,ai_search_v1,treatment,2026-06-01
U00406,ai_search_v1,control,2026-06-01
U00407,ai_search_v1,control,2026-06-01
U00408,ai_search_v1,treatment,2026-06-01
U00409,ai_search_v1,treatment,2026-06-01
U00410,ai_search_v1,control,2026-06-01
U00411,ai_search_v1,control,2026-06-01
U00412,ai_search_v1,control,2026-06-01
U00413,ai_search_v1,control,2026-06-01
U00414,ai_search_v1,treatment,2026-06-01
U00415,ai_search_v1,treatment,2026-06-01
U00416,ai_search_v1,control,2026-06-01
U00417,ai_search_v1,control,2026-06-01
U00418,ai_search_v1,control,2026-06-01
U00419,ai_search_v1,treatment,2026-06-01
U00420,ai_search_v1,treatment,2026-06-01
U00421,ai_search_v1,control,2026-06-01
U00422,ai_search_v1,treatment,2026-06-01
U00423,ai_search_v1,control,2026-06-01
U00424,ai_search_v1,treatment,2026-06-01
U00425,ai_search_v1,control,2026-06-01
U00426,ai_search_v1,control,2026-06-01
U00427,ai_search_v1,treatment,2026-06-01
U00428,ai_search_v1,treatment,2026-06-01
U00429,ai_search_v1,control,2026-06-01
U00430,ai_search_v1,treatment,2026-06-01
U00431,ai_search_v1,treatment,2026-06-01
U00432,ai_search_v1,treatment,2026-06-01
U00433,ai_search_v1,treatment,2026-06-01
U00434,ai_search_v1,control,2026-06-01
U00435,ai_search_v1,control,2026-06-01
U00436,ai_search_v1,treatment,2026-06-01
U00437,ai_search_v1,control,2026-06-01
U00438,ai_search_v1,treatment,2026-06-01
U00439,ai_search_v1,control,2026-06-01
U00440,ai_search_v1,control,2026-06-01
U00441,ai_search_v1,treatment,2026-06-01
U00442,ai_search_v1,treatment,2026-06-01
U00443,ai_search_v1,control,2026-06-01
U00444,ai_search_v1,treatment,2026-06-01
U00445,ai_search_v1,treatment,2026-06-01
U00446,ai_search_v1,control,2026-06-01
U00447,ai_search_v1,control,2026-06-01
U00448,ai_search_v1,control,2026-06-01
U00449,ai_search_v1,control,2026-06-01
U00450,ai_search_v1,treatment,2026-06-01
U00451,ai_search_v1,control,2026-06-01
U00452,ai_search_v1,control,2026-06-01
U00453,ai_search_v1,treatment,2026-06-01
U00454,ai_search_v1,control,2026-06-01
U00455,ai_search_v1,treatment,2026-06-01
U00456,ai_search_v1,control,2026-06-01
U00457,ai_search_v1,treatment,2026-06-01
U00458,ai_search_v1,treatment,2026-06-01
U00459,ai_search_v1,control,2026-06-01
U00460,ai_search_v1,control,2026-06-01
U00461,ai_search_v1,control,2026-06-01
U00462,ai_search_v1,treatment,2026-06-01
U00463,ai_search_v1,treatment,2026-06-01
U00464,ai_search_v1,treatment,2026-06-01
U00465,ai_search_v1,control,2026-06-01
U00466,ai_search_v1,treatment,2026-06-01
U00467,ai_search_v1,control,2026-06-01
U00468,ai_search_v1,control,2026-06-01
U00469,ai_search_v1,treatment,2026-06-01
U00470,ai_search_v1,control,2026-06-01
U00471,ai_search_v1,control,2026-06-01
U00472,ai_search_v1,control,2026-06-01
U00473,ai_search_v1,control,2026-06-01
U00474,ai_search_v1,control,2026-06-01
U00475,ai_search_v1,control,2026-06-01
U00476,ai_search_v1,control,2026-06-01
U00477,ai_search_v1,treatment,2026-06-01
U00478,ai_search_v1,control,2026-06-01
U00479,ai_search_v1,treatment,2026-06-01
U00480,ai_search_v1,treatment,2026-06-01
U00481,ai_search_v1,control,2026-06-01
U00482,ai_search_v1,control,2026-06-01
U00483,ai_search_v1,control,2026-06-01
U00484,ai_search_v1,treatment,2026-06-01
U00485,ai_search_v1,treatment,2026-06-01
U00486,ai_search_v1,control,2026-06-01
U00487,ai_search_v1,treatment,2026-06-01
U00488,ai_search_v1,control,2026-06-01
U00489,ai_search_v1,control,2026-06-01
U00490,ai_search_v1,control,2026-06-01
U00491,ai_search_v1,treatment,2026-06-01
U00492,ai_search_v1,treatment,2026-06-01
U00493,ai_search_v1,control,2026-06-01
U00494,ai_search_v1,treatment,2026-06-01
U00495,ai_search_v1,control,2026-06-01
U00496,ai_search_v1,control,2026-06-01
U00497,ai_search_v1,control,2026-06-01
U00498,ai_search_v1,treatment,2026-06-01
U00499,ai_search_v1,treatment,2026-06-01
U00500,ai_search_v1,treatment,2026-06-01
U00501,ai_search_v1,control,2026-06-01
U00502,ai_search_v1,treatment,2026-06-01
U00503,ai_search_v1,treatment,2026-06-01
U00504,ai_search_v1,control,2026-06-01
U00505,ai_search_v1,control,2026-06-01
U00506,ai_search_v1,control,2026-06-01
U00507,ai_search_v1,control,2026-06-01
U00508,ai_search_v1,treatment,2026-06-01
U00509,ai_search_v1,treatment,2026-06-01
U00510,ai_search_v1,treatment,2026-06-01
U00511,ai_search_v1,control,2026-06-01
U00512,ai_search_v1,control,2026-06-01
U00513,ai_search_v1,treatment,2026-06-01
U00514,ai_search_v1,control,2026-06-01
U00515,ai_search_v1,treatment,2026-06-01
U00516,ai_search_v1,treatment,2026-06-01
U00517,ai_search_v1,control,2026-06-01
U00518,ai_search_v1,control,2026-06-01
U00519,ai_search_v1,treatment,2026-06-01
U00520,ai_search_v1,treatment,2026-06-01
U00521,ai_search_v1,treatment,2026-06-01
U00522,ai_search_v1,treatment,2026-06-01
U00523,ai_search_v1,treatment,2026-06-01
U00524,ai_search_v1,treatment,2026-06-01
U00525,ai_search_v1,control,2026-06-01
U00526,ai_search_v1,control,2026-06-01
U00527,ai_search_v1,treatment,2026-06-01
U00528,ai_search_v1,control,2026-06-01
U00529,ai_search_v1,treatment,2026-06-01
U00530,ai_search_v1,control,2026-06-01
U00531,ai_search_v1,treatment,2026-06-01
U00532,ai_search_v1,treatment,2026-06-01
U00533,ai_search_v1,control,2026-06-01
U00534,ai_search_v1,treatment,2026-06-01
U00535,ai_search_v1,treatment,2026-06-01
U00536,ai_search_v1,treatment,2026-06-01
U00537,ai_search_v1,control,2026-06-01
U00538,ai_search_v1,control,2026-06-01
U00539,ai_search_v1,control,2026-06-01
U00540,ai_search_v1,control,2026-06-01
U00541,ai_search_v1,control,2026-06-01
U00542,ai_search_v1,treatment,2026-06-01
U00543,ai_search_v1,treatment,2026-06-01
U00544,ai_search_v1,control,2026-06-01
U00545,ai_search_v1,treatment,2026-06-01
U00546,ai_search_v1,control,2026-06-01
U00547,ai_search_v1,treatment,2026-06-01
U00548,ai_search_v1,control,2026-06-01
U00549,ai_search_v1,treatment,2026-06-01
U00550,ai_search_v1,treatment,2026-06-01
U00551,ai_search_v1,treatment,2026-06-01
U00552,ai_search_v1,control,2026-06-01
U00553,ai_search_v1,control,2026-06-01
U00554,ai_search_v1,control,2026-06-01
U00555,ai_search_v1,treatment,2026-06-01
U00556,ai_search_v1,treatment,2026-06-01
U00557,ai_search_v1,treatment,2026-06-01
U00558,ai_search_v1,treatment,2026-06-01
U00559,ai_search_v1,control,2026-06-01
U00560,ai_search_v1,treatment,2026-06-01
U00561,ai_search_v1,treatment,2026-06-01
U00562,ai_search_v1,treatment,2026-06-01
U00563,ai_search_v1,treatment,2026-06-01
U00564,ai_search_v1,control,2026-06-01
U00565,ai_search_v1,treatment,2026-06-01
U00566,ai_search_v1,control,2026-06-01
U00567,ai_search_v1,treatment,2026-06-01
U00568,ai_search_v1,treatment,2026-06-01
U00569,ai_search_v1,treatment,2026-06-01
U00570,ai_search_v1,control,2026-06-01
U00571,ai_search_v1,control,2026-06-01
U00572,ai_search_v1,control,2026-06-01
U00573,ai_search_v1,treatment,2026-06-01
U00574,ai_search_v1,treatment,2026-06-01
U00575,ai_search_v1,treatment,2026-06-01
U00576,ai_search_v1,control,2026-06-01
U00577,ai_search_v1,treatment,2026-06-01
U00578,ai_search_v1,treatment,2026-06-01
U00579,ai_search_v1,control,2026-06-01
U00580,ai_search_v1,treatment,2026-06-01
U00581,ai_search_v1,treatment,2026-06-01
U00582,ai_search_v1,treatment,2026-06-01
U00583,ai_search_v1,control,2026-06-01
U00584,ai_search_v1,treatment,2026-06-01
U00585,ai_search_v1,control,2026-06-01
U00586,ai_search_v1,control,2026-06-01
U00587,ai_search_v1,treatment,2026-06-01
U00588,ai_search_v1,control,2026-06-01
U00589,ai_search_v1,control,2026-06-01
U00590,ai_search_v1,treatment,2026-06-01
U00591,ai_search_v1,treatment,2026-06-01
U00592,ai_search_v1,treatment,2026-06-01
U00593,ai_search_v1,control,2026-06-01
U00594,ai_search_v1,treatment,2026-06-01
U00595,ai_search_v1,treatment,2026-06-01
U00596,ai_search_v1,control,2026-06-01
U00597,ai_search_v1,treatment,2026-06-01
U00598,ai_search_v1,control,2026-06-01
U00599,ai_search_v1,control,2026-06-01
U00600,ai_search_v1,control,2026-06-01
U00601,ai_search_v1,treatment,2026-06-01
U00602,ai_search_v1,treatment,2026-06-01
U00603,ai_search_v1,control,2026-06-01
U00604,ai_search_v1,treatment,2026-06-01
U00605,ai_search_v1,treatment,2026-06-01
U00606,ai_search_v1,control,2026-06-01
U00607,ai_search_v1,control,2026-06-01
U00608,ai_search_v1,control,2026-06-01
U00609,ai_search_v1,treatment,2026-06-01
U00610,ai_search_v1,treatment,2026-06-01
U00611,ai_search_v1,treatment,2026-06-01
U00612,ai_search_v1,treatment,2026-06-01
U00613,ai_search_v1,treatment,2026-06-01
U00614,ai_search_v1,treatment,2026-06-01
U00615,ai_search_v1,treatment,2026-06-01
U00616,ai_search_v1,treatment,2026-06-01
U00617,ai_search_v1,control,2026-06-01
U00618,ai_search_v1,treatment,2026-06-01
U00619,ai_search_v1,treatment,2026-06-01
U00620,ai_search_v1,treatment,2026-06-01
U00621,ai_search_v1,control,2026-06-01
U00622,ai_search_v1,control,2026-06-01
U00623,ai_search_v1,control,2026-06-01
U00624,ai_search_v1,control,2026-06-01
U00625,ai_search_v1,control,2026-06-01
U00626,ai_search_v1,treatment,2026-06-01
U00627,ai_search_v1,control,2026-06-01
U00628,ai_search_v1,treatment,2026-06-01
U00629,ai_search_v1,treatment,2026-06-01
U00630,ai_search_v1,treatment,2026-06-01
U00631,ai_search_v1,treatment,2026-06-01
U00632,ai_search_v1,control,2026-06-01
U00633,ai_search_v1,control,2026-06-01
U00634,ai_search_v1,control,2026-06-01
U00635,ai_search_v1,control,2026-06-01
U00636,ai_search_v1,control,2026-06-01
U00637,ai_search_v1,treatment,2026-06-01
U00638,ai_search_v1,control,2026-06-01
U00639,ai_search_v1,treatment,2026-06-01
U00640,ai_search_v1,control,2026-06-01
U00641,ai_search_v1,treatment,2026-06-01
U00642,ai_search_v1,treatment,2026-06-01
U00643,ai_search_v1,control,2026-06-01
U00644,ai_search_v1,control,2026-06-01
U00645,ai_search_v1,treatment,2026-06-01
U00646,ai_search_v1,treatment,2026-06-01
U00647,ai_search_v1,treatment,2026-06-01
U00648,ai_search_v1,control,2026-06-01
U00649,ai_search_v1,treatment,2026-06-01
U00650,ai_search_v1,treatment,2026-06-01
U00651,ai_search_v1,treatment,2026-06-01
U00652,ai_search_v1,control,2026-06-01
U00653,ai_search_v1,treatment,2026-06-01
U00654,ai_search_v1,treatment,2026-06-01
U00655,ai_search_v1,treatment,2026-06-01
U00656,ai_search_v1,control,2026-06-01
U00657,ai_search_v1,control,2026-06-01
U00658,ai_search_v1,control,2026-06-01
U00659,ai_search_v1,treatment,2026-06-01
U00660,ai_search_v1,control,2026-06-01
U00661,ai_search_v1,treatment,2026-06-01
U00662,ai_search_v1,treatment,2026-06-01
U00663,ai_search_v1,treatment,2026-06-01
U00664,ai_search_v1,treatment,2026-06-01
U00665,ai_search_v1,treatment,2026-06-01
U00666,ai_search_v1,control,2026-06-01
U00667,ai_search_v1,control,2026-06-01
U00668,ai_search_v1,control,2026-06-01
U00669,ai_search_v1,treatment,2026-06-01
U00670,ai_search_v1,treatment,2026-06-01
U00671,ai_search_v1,treatment,2026-06-01
U00672,ai_search_v1,control,2026-06-01
U00673,ai_search_v1,control,2026-06-01
U00674,ai_search_v1,treatment,2026-06-01
U00675,ai_search_v1,treatment,2026-06-01
U00676,ai_search_v1,treatment,2026-06-01
U00677,ai_search_v1,control,2026-06-01
U00678,ai_search_v1,control,2026-06-01
U00679,ai_search_v1,control,2026-06-01
U00680,ai_search_v1,control,2026-06-01
U00681,ai_search_v1,control,2026-06-01
U00682,ai_search_v1,control,2026-06-01
U00683,ai_search_v1,treatment,2026-06-01
U00684,ai_search_v1,control,2026-06-01
U00685,ai_search_v1,control,2026-06-01
U00686,ai_search_v1,control,2026-06-01
U00687,ai_search_v1,control,2026-06-01
U00688,ai_search_v1,control,2026-06-01
U00689,ai_search_v1,control,2026-06-01
U00690,ai_search_v1,treatment,2026-06-01
U00691,ai_search_v1,control,2026-06-01
U00692,ai_search_v1,treatment,2026-06-01
U00693,ai_search_v1,treatment,2026-06-01
U00694,ai_search_v1,control,2026-06-01
U00695,ai_search_v1,control,2026-06-01
U00696,ai_search_v1,control,2026-06-01
U00697,ai_search_v1,treatment,2026-06-01
U00698,ai_search_v1,control,2026-06-01
U00699,ai_search_v1,treatment,2026-06-01
U00700,ai_search_v1,treatment,2026-06-01
U00701,ai_search_v1,control,2026-06-01
U00702,ai_search_v1,control,2026-06-01
U00703,ai_search_v1,control,2026-06-01
U00704,ai_search_v1,treatment,2026-06-01
U00705,ai_search_v1,treatment,2026-06-01
U00706,ai_search_v1,treatment,2026-06-01
U00707,ai_search_v1,treatment,2026-06-01
U00708,ai_search_v1,control,2026-06-01
U00709,ai_search_v1,treatment,2026-06-01
U00710,ai_search_v1,control,2026-06-01
U00711,ai_search_v1,control,2026-06-01
U00712,ai_search_v1,control,2026-06-01
U00713,ai_search_v1,treatment,2026-06-01
U00714,ai_search_v1,treatment,2026-06-01
U00715,ai_search_v1,control,2026-06-01
U00716,ai_search_v1,control,2026-06-01
U00717,ai_search_v1,control,2026-06-01
U00718,ai_search_v1,treatment,2026-06-01
U00719,ai_search_v1,treatment,2026-06-01
U00720,ai_search_v1,control,2026-06-01
U00721,ai_search_v1,treatment,2026-06-01
U00722,ai_search_v1,control,2026-06-01
U00723,ai_search_v1,treatment,2026-06-01
U00724,ai_search_v1,treatment,2026-06-01
U00725,ai_search_v1,control,2026-06-01
U00726,ai_search_v1,treatment,2026-06-01
U00727,ai_search_v1,control,2026-06-01
U00728,ai_search_v1,treatment,2026-06-01
U00729,ai_search_v1,treatment,2026-06-01
U00730,ai_search_v1,treatment,2026-06-01
U00731,ai_search_v1,treatment,2026-06-01
U00732,ai_search_v1,control,2026-06-01
U00733,ai_search_v1,control,2026-06-01
U00734,ai_search_v1,treatment,2026-06-01
U00735,ai_search_v1,control,2026-06-01
U00736,ai_search_v1,control,2026-06-01
U00737,ai_search_v1,treatment,2026-06-01
U00738,ai_search_v1,control,2026-06-01
U00739,ai_search_v1,treatment,2026-06-01
U00740,ai_search_v1,control,2026-06-01
U00741,ai_search_v1,control,2026-06-01
U00742,ai_search_v1,treatment,2026-06-01
U00743,ai_search_v1,control,2026-06-01
U00744,ai_search_v1,treatment,2026-06-01
U00745,ai_search_v1,treatment,2026-06-01
U00746,ai_search_v1,control,2026-06-01
U00747,ai_search_v1,treatment,2026-06-01
U00748,ai_search_v1,control,2026-06-01
U00749,ai_search_v1,control,2026-06-01
U00750,ai_search_v1,treatment,2026-06-01
U00751,ai_search_v1,treatment,2026-06-01
U00752,ai_search_v1,control,2026-06-01
U00753,ai_search_v1,control,2026-06-01
U00754,ai_search_v1,treatment,2026-06-01
U00755,ai_search_v1,control,2026-06-01
U00756,ai_search_v1,control,2026-06-01
U00757,ai_search_v1,control,2026-06-01
U00758,ai_search_v1,control,2026-06-01
U00759,ai_search_v1,treatment,2026-06-01
U00760,ai_search_v1,control,2026-06-01
U00761,ai_search_v1,control,2026-06-01
U00762,ai_search_v1,control,2026-06-01
U00763,ai_search_v1,treatment,2026-06-01
U00764,ai_search_v1,treatment,2026-06-01
U00765,ai_search_v1,treatment,2026-06-01
U00766,ai_search_v1,control,2026-06-01
U00767,ai_search_v1,control,2026-06-01
U00768,ai_search_v1,control,2026-06-01
U00769,ai_search_v1,treatment,2026-06-01
U00770,ai_search_v1,control,2026-06-01
U00771,ai_search_v1,control,2026-06-01
U00772,ai_search_v1,treatment,2026-06-01
U00773,ai_search_v1,control,2026-06-01
U00774,ai_search_v1,treatment,2026-06-01
U00775,ai_search_v1,treatment,2026-06-01
U00776,ai_search_v1,treatment,2026-06-01
U00777,ai_search_v1,treatment,2026-06-01
U00778,ai_search_v1,treatment,2026-06-01
U00779,ai_search_v1,control,2026-06-01
U00780,ai_search_v1,control,2026-06-01
U00781,ai_search_v1,control,2026-06-01
U00782,ai_search_v1,control,2026-06-01
U00783,ai_search_v1,treatment,2026-06-01
U00784,ai_search_v1,control,2026-06-01
U00785,ai_search_v1,treatment,2026-06-01
U00786,ai_search_v1,treatment,2026-06-01
U00787,ai_search_v1,control,2026-06-01
U00788,ai_search_v1,control,2026-06-01
U00789,ai_search_v1,treatment,2026-06-01
U00790,ai_search_v1,treatment,2026-06-01
U00791,ai_search_v1,treatment,2026-06-01
U00792,ai_search_v1,treatment,2026-06-01
U00793,ai_search_v1,control,2026-06-01
U00794,ai_search_v1,control,2026-06-01
U00795,ai_search_v1,treatment,2026-06-01
U00796,ai_search_v1,control,2026-06-01
U00797,ai_search_v1,treatment,2026-06-01
U00798,ai_search_v1,treatment,2026-06-01
U00799,ai_search_v1,control,2026-06-01
U00800,ai_search_v1,treatment,2026-06-01
